order,family,sp,occurrence_id,decimal_latitude,decimal_longitude
Chiroptera,Phyllostomidae,Artibeus jamaicensis,FCIE:MZFC-M:0388,16.76583,-98.72
Chiroptera,Vespertilionidae,Lasiurus cinereus,FCIE:MZFC-M:5693,18.97528,-99.34028
Chiroptera,Phyllostomidae,Artibeus aztecus,FCIE:MZFC-M:4225,18.60694,-99.60667
Chiroptera,Molossidae,Tadarida brasiliensis,FCIE:MZFC-M:6271,24.31667,-99.06667
Chiroptera,Molossidae,Molossus rufus,FCIE:MZFC-M:0988,17.21639,-100.43361
Chiroptera,Phyllostomidae,Dermanura phaeotis,FCIE:MZFC-M:7122,16.90097,-90.96939
Chiroptera,Phyllostomidae,Sturnira lilium,FCIE:MZFC-M:5821,20.95167,-98.52167
Chiroptera,Phyllostomidae,Artibeus lituratus,FCIE:MZFC-M:6577,17.10361,-94.1225
Chiroptera,Phyllostomidae,Artibeus lituratus,FCIE:MZFC-M:1265,21.27983,-99.5
Chiroptera,Phyllostomidae,Sturnira lilium,FCIE:MZFC-M:1177,21.27983,-99.5
Chiroptera,Phyllostomidae,Sturnira lilium,FCIE:MZFC-M:1183,21.19972,-99.58111
Chiroptera,Vespertilionidae,Myotis keaysi,FCIE:MZFC-M:6980,16.89822,-90.96458
Chiroptera,Phyllostomidae,Artibeus jamaicensis,FCIE:MZFC-M:1368,17.25833,-100.32667
Chiroptera,Molossidae,Tadarida brasiliensis,FCIE:MZFC-M:4900,17.94667,-96.16667
Chiroptera,Phyllostomidae,Artibeus toltecus,FCIE:MZFC-M:4662,18.60694,-99.60667
Chiroptera,Phyllostomidae,Carollia subrufa,FCIE:MZFC-M:3545,17.25833,-100.32667
Chiroptera,Phyllostomidae,Hylonycteris underwoodi,FCIE:MZFC-M:6651,17.52167,-97.78333
Chiroptera,Vespertilionidae,Lasiurus blossevillii,FCIE:MZFC-M:0787,21.27983,-99.5
Chiroptera,Phyllostomidae,Glossophaga soricina,FCIE:MZFC-M:10170,18.19194,-102.54139
Chiroptera,Emballonuridae,Balantiopteryx plicata,FCIE:MZFC-M:4652,18.50639,-99.79556
Chiroptera,Phyllostomidae,Artibeus aztecus,FCIE:MZFC-M:6517,NA,NA
Chiroptera,Phyllostomidae,Glyphonycteris sylvestris,FCIE:MZFC-M:10177,18.19194,-102.54139
Chiroptera,Phyllostomidae,Sturnira lilium,FCIE:MZFC-M:1180,21.19389,-99.54306
Chiroptera,Phyllostomidae,Carollia brevicauda,FCIE:MZFC-M:7818,17.07694,-94.59917
Chiroptera,Molossidae,Tadarida brasiliensis,FCIE:MZFC-M:5708,21.19917,-99.56889
Chiroptera,Phyllostomidae,Sturnira ludovici,FCIE:MZFC-M:1680,17.42,-100.20361
Chiroptera,Phyllostomidae,Sturnira ludovici,FCIE:MZFC-M:1732,17.48444,-100.18444
Chiroptera,Phyllostomidae,Artibeus toltecus,FCIE:MZFC-M:0901,21.27983,-99.5
Chiroptera,Phyllostomidae,Sturnira ludovici,FCIE:MZFC-M:1641,17.48444,-100.18444
Chiroptera,Phyllostomidae,Sturnira ludovici,FCIE:MZFC-M:1764,17.48444,-100.18444
Chiroptera,Mormoopidae,Mormoops megalophylla,FCIE:MZFC-M:5885,NA,NA
Chiroptera,Phyllostomidae,Sturnira ludovici,FCIE:MZFC-M:0374,17.705,-99.54361
Chiroptera,Emballonuridae,Balantiopteryx plicata,FCIE:MZFC-M:3508,18.13889,-97.07556
Chiroptera,Phyllostomidae,Sturnira ludovici,FCIE:MZFC-M:4862,17.65083,-96.35722
Chiroptera,Phyllostomidae,Glossophaga soricina,FCIE:MZFC-M:0947,18.34833,-88.61917
Chiroptera,Phyllostomidae,Glossophaga soricina,FCIE:MZFC-M:0966,17.25833,-100.32667
Chiroptera,Phyllostomidae,Sturnira lilium,FCIE:MZFC-M:1192,21.27983,-99.5
Chiroptera,Molossidae,Tadarida brasiliensis,FCIE:MZFC-M:0970,17.56806,-99.69278
Chiroptera,Phyllostomidae,Sturnira ludovici,FCIE:MZFC-M:4720,17.63917,-96.37556
Chiroptera,Phyllostomidae,Glossophaga soricina,FCIE:MZFC-M:10574,18.19167,-100.16222
Chiroptera,Phyllostomidae,Anoura geoffroyi,FCIE:MZFC-M:1017,17.58917,-99.68556
Chiroptera,Phyllostomidae,Glossophaga soricina,FCIE:MZFC-M:0162,18.60028,-95.07556
Chiroptera,Mormoopidae,Pteronotus parnellii,FCIE:MZFC-M:5852,20.65556,-98.98417
Chiroptera,Phyllostomidae,Sturnira lilium,FCIE:MZFC-M:1596,17.42,-100.20361
Chiroptera,Phyllostomidae,Sturnira ludovici,FCIE:MZFC-M:4852,17.63917,-96.37556
Chiroptera,Phyllostomidae,Artibeus aztecus,FCIE:MZFC-M:5553,18.96972,-99.33917
Chiroptera,Phyllostomidae,Artibeus aztecus,FCIE:MZFC-M:4215,18.60694,-99.60667
Chiroptera,Vespertilionidae,Eptesicus fuscus,FCIE:MZFC-M:4086,17.42,-100.20361
Chiroptera,Mormoopidae,Mormoops megalophylla,FCIE:MZFC-M:6939,16.90097,-90.96939
Chiroptera,Phyllostomidae,Sturnira ludovici,FCIE:MZFC-M:5525,18.96972,-99.33917
Chiroptera,Phyllostomidae,Artibeus jamaicensis,FCIE:MZFC-M:6344,17.00083,-93.78028
Chiroptera,Phyllostomidae,Sturnira lilium,FCIE:MZFC-M:1166,21.15583,-99.12694
Chiroptera,Emballonuridae,Balantiopteryx plicata,FCIE:MZFC-M:3501,18.13889,-97.07556
Chiroptera,Phyllostomidae,Desmodus rotundus,FCIE:MZFC-M:1535,17.56611,-99.64833
Chiroptera,Phyllostomidae,Artibeus phaeotis,FCIE:MZFC-M:1515,18.53694,-88.60139
Chiroptera,Phyllostomidae,Sturnira ludovici,FCIE:MZFC-M:6501,17.53109,-96.82743
Chiroptera,Phyllostomidae,Sturnira lilium,FCIE:MZFC-M:1209,21.1775,-99.12611
Chiroptera,Phyllostomidae,Artibeus phaeotis,FCIE:MZFC-M:4800,17.89722,-96.13083
Chiroptera,Vespertilionidae,Eptesicus fuscus,FCIE:MZFC-M:0844,21.1,-99.73333
Chiroptera,Phyllostomidae,Artibeus watsoni,FCIE:MZFC-M:6918,16.898,-90.97364
Chiroptera,Phyllostomidae,Glossophaga soricina,FCIE:MZFC-M:9762,20.34389,-87.36139
Chiroptera,Phyllostomidae,Glossophaga soricina,FCIE:MZFC-M:0603,21.27983,-99.5
Chiroptera,Phyllostomidae,Desmodus rotundus,FCIE:MZFC-M:7251,20.60714,-99.60867
Chiroptera,Mormoopidae,Pteronotus davyi,FCIE:MZFC-M:6233,NA,NA
Chiroptera,Mormoopidae,Pteronotus parnellii,FCIE:MZFC-M:4951,18.13806,-99.93389
Chiroptera,Phyllostomidae,Carollia perspicillata,FCIE:MZFC-M:4755,17.65083,-96.35722
Chiroptera,Phyllostomidae,Artibeus lituratus,FCIE:MZFC-M:7528,22.12583,-99.42778
Chiroptera,Vespertilionidae,Eptesicus fuscus,FCIE:MZFC-M:1507,17.56611,-99.71167
Chiroptera,Mormoopidae,Pteronotus parnellii,FCIE:MZFC-M:10163,18.19194,-102.54139
Chiroptera,Phyllostomidae,Carollia perspicillata,FCIE:MZFC-M:5166,18.12278,-89.81
Chiroptera,Vespertilionidae,Lasiurus cinereus,FCIE:MZFC-M:6480,21.13111,-99.53389
Chiroptera,Phyllostomidae,Carollia perspicillata,FCIE:MZFC-M:4752,17.89722,-96.13083
Chiroptera,Vespertilionidae,Eptesicus fuscus,FCIE:MZFC-M:5593,18.97528,-99.34028
Chiroptera,Phyllostomidae,Carollia perspicillata,FCIE:MZFC-M:9853,17.09472,-94.11944
Chiroptera,Mormoopidae,Pteronotus parnellii,FCIE:MZFC-M:5048,17.38556,-99.47639
Chiroptera,Phyllostomidae,Centurio senex,FCIE:MZFC-M:6307,17.52167,-97.78333
Chiroptera,Vespertilionidae,Myotis keaysi,FCIE:MZFC-M:6351,20.40833,-98.20139
Chiroptera,Phyllostomidae,Glossophaga leachii,FCIE:MZFC-M:0310,17.705,-99.54361
Chiroptera,Phyllostomidae,Sturnira ludovici,FCIE:MZFC-M:4645,NA,NA
Chiroptera,Phyllostomidae,Artibeus aztecus,FCIE:MZFC-M:1038,21.08333,-99.56667
Chiroptera,Phyllostomidae,Artibeus aztecus,FCIE:MZFC-M:4195,18.50639,-99.79556
Chiroptera,Vespertilionidae,Corynorhinus mexicanus,FCIE:MZFC-M:3649,20.86667,-99.53333
Chiroptera,Molossidae,Molossus sinaloae,FCIE:MZFC-M:9487,19.08,-101.91278
Chiroptera,Emballonuridae,Balantiopteryx plicata,FCIE:MZFC-M:9830,17.93361,-99.43345
Chiroptera,Phyllostomidae,Sturnira lilium,FCIE:MZFC-M:6638,17.94056,-88.88222
Chiroptera,Phyllostomidae,Macrotus waterhousii,FCIE:MZFC-M:3619,20.66833,-99.860830000000007
Chiroptera,Phyllostomidae,Sturnira lilium,FCIE:MZFC-M:4872,17.75889,-96.31889
Chiroptera,Phyllostomidae,Artibeus toltecus,FCIE:MZFC-M:1412,17.25833,-100.32667
Chiroptera,Emballonuridae,Rhynchonycteris naso,FCIE:MZFC-M:6437,17.97139,-96.16139
Chiroptera,Phyllostomidae,Centurio senex,FCIE:MZFC-M:6858,16.90097,-90.96939
Chiroptera,Emballonuridae,Balantiopteryx plicata,FCIE:MZFC-M:3500,18.125,-97.11028
Chiroptera,Molossidae,Tadarida brasiliensis,FCIE:MZFC-M:4562,21.20167,-99.57417
Chiroptera,Phyllostomidae,Sturnira lilium,FCIE:MZFC-M:0760,21.19917,-99.56889
Chiroptera,Phyllostomidae,Artibeus toltecus,FCIE:MZFC-M:1418,17.25833,-100.32667
Chiroptera,Phyllostomidae,Artibeus toltecus,FCIE:MZFC-M:4806,17.63917,-96.37556
Chiroptera,Phyllostomidae,Glossophaga soricina,FCIE:MZFC-M:4404,18.06611,-99.90833
Chiroptera,Molossidae,Tadarida brasiliensis,FCIE:MZFC-M:4851,17.45722,-96.51361
Chiroptera,Vespertilionidae,Lasiurus blossevillii,FCIE:MZFC-M:5625,18.96972,-99.33917
Chiroptera,Vespertilionidae,Lasiurus xanthinus,FCIE:MZFC-M:6380,23.36667,-109.77667
Chiroptera,Phyllostomidae,Sturnira ludovici,FCIE:MZFC-M:4721,17.65083,-96.35722
Chiroptera,Phyllostomidae,Desmodus rotundus,FCIE:MZFC-M:9905,15.56083,-93.01686
Chiroptera,Phyllostomidae,Artibeus jamaicensis,FCIE:MZFC-M:7185,16.89822,-90.96458
Chiroptera,Phyllostomidae,Glossophaga leachii,FCIE:MZFC-M:7881,17.09472,-94.11944
Chiroptera,Vespertilionidae,Lasiurus ega,FCIE:MZFC-M:6381,24.31667,-99.06667
Chiroptera,Vespertilionidae,Antrozous pallidus,FCIE:MZFC-M:5824,20.65556,-98.98417
Chiroptera,Phyllostomidae,Artibeus aztecus,FCIE:MZFC-M:4185,18.50639,-99.79556
Chiroptera,Phyllostomidae,Sturnira ludovici,FCIE:MZFC-M:6509,17.52167,-97.78333
Chiroptera,Phyllostomidae,Carollia perspicillata,FCIE:MZFC-M:3552,18.3425,-88.56861
Chiroptera,Phyllostomidae,Micronycteris schmidtorum,FCIE:MZFC-M:6305,15.1,-92.78694
Chiroptera,Phyllostomidae,Sturnira ludovici,FCIE:MZFC-M:4726,17.63917,-96.37556
Chiroptera,Phyllostomidae,Artibeus jamaicensis,FCIE:MZFC-M:1153,21.27983,-99.5
Chiroptera,Molossidae,Tadarida brasiliensis,FCIE:MZFC-M:1845,21.19389,-99.54306
Chiroptera,Phyllostomidae,Platyrrhinus helleri,FCIE:MZFC-M:6938,16.89822,-90.96458
Chiroptera,Phyllostomidae,Carollia brevicauda,FCIE:MZFC-M:7808,17.10361,-94.1225
Chiroptera,Phyllostomidae,Sturnira lilium,FCIE:MZFC-M:10168,18.19194,-102.54139
Chiroptera,Phyllostomidae,Sturnira ludovici,FCIE:MZFC-M:1628,17.48444,-100.18444
Chiroptera,Phyllostomidae,Sturnira ludovici,FCIE:MZFC-M:0319,NA,NA
Chiroptera,Phyllostomidae,Glossophaga soricina,FCIE:MZFC-M:0321,NA,NA
Chiroptera,Vespertilionidae,Eptesicus fuscus,FCIE:MZFC-M:1503,17.56611,-99.71167
Chiroptera,Phyllostomidae,Glossophaga soricina,FCIE:MZFC-M:6676,21.26639,-99.19528
Chiroptera,Vespertilionidae,Eptesicus fuscus,FCIE:MZFC-M:5948,21.23778,-99.515
Chiroptera,Phyllostomidae,Macrotus californicus,FCIE:MZFC-M:7426,26.89806,-111.96028
Chiroptera,Phyllostomidae,Anoura geoffroyi,FCIE:MZFC-M:0221,NA,NA
Chiroptera,Mormoopidae,Mormoops megalophylla,FCIE:MZFC-M:6252,NA,NA
Chiroptera,Phyllostomidae,Sturnira lilium,FCIE:MZFC-M:6472,NA,NA
Chiroptera,Phyllostomidae,Carollia brevicauda,FCIE:MZFC-M:5008,17.65194,-96.33583
Chiroptera,Phyllostomidae,Sturnira lilium,FCIE:MZFC-M:4300,18.92778,-103
Chiroptera,Phyllostomidae,Artibeus toltecus,FCIE:MZFC-M:5668,21.475,-105.00583
Chiroptera,Emballonuridae,Balantiopteryx plicata,FCIE:MZFC-M:0210,17.77722,-99.56139
Chiroptera,Emballonuridae,Balantiopteryx plicata,FCIE:MZFC-M:0615,15.80583,-96.01917
Chiroptera,Phyllostomidae,Carollia perspicillata,FCIE:MZFC-M:4754,17.89722,-96.13083
Chiroptera,Phyllostomidae,Uroderma bilobatum,FCIE:MZFC-M:7162,16.898,-90.97364
Chiroptera,Phyllostomidae,Leptonycteris yerbabuenae,FCIE:MZFC-M:4449,18.58333,-99.51667
Chiroptera,Vespertilionidae,Corynorhinus mexicanus,FCIE:MZFC-M:3646,20.75944,-99.92194
Chiroptera,Vespertilionidae,Corynorhinus townsendii,FCIE:MZFC-M:5630,17.53583,-99.65083
Chiroptera,Phyllostomidae,Artibeus toltecus,FCIE:MZFC-M:1415,17.25833,-100.32667
Chiroptera,Vespertilionidae,Myotis thysanodes,FCIE:MZFC-M:1354,17.48444,-100.16417
Chiroptera,Phyllostomidae,Artibeus aztecus,FCIE:MZFC-M:4198,18.50639,-99.79556
Chiroptera,Phyllostomidae,Carollia perspicillata,FCIE:MZFC-M:8906,21.20778,-98.98
Chiroptera,Phyllostomidae,Sturnira ludovici,FCIE:MZFC-M:0333,NA,NA
Chiroptera,Phyllostomidae,Sturnira ludovici,FCIE:MZFC-M:6662,18.255,-96.795
Chiroptera,Phyllostomidae,Carollia brevicauda,FCIE:MZFC-M:3572,18.20167,-89.02167
Chiroptera,Phyllostomidae,Artibeus lituratus,FCIE:MZFC-M:0195,18.58306,-95.06889
Chiroptera,Vespertilionidae,Lasiurus intermedius,FCIE:MZFC-M:6264,24.31667,-99.06667
Chiroptera,Phyllostomidae,Sturnira lilium,FCIE:MZFC-M:4361,21.50917,-105.16278
Chiroptera,Phyllostomidae,Anoura geoffroyi,FCIE:MZFC-M:1014,17.43694,-100.19694
Chiroptera,Molossidae,Molossus rufus,FCIE:MZFC-M:0986,17.21639,-100.43361
Chiroptera,Vespertilionidae,Lasiurus cinereus,FCIE:MZFC-M:5628,18.96972,-99.33917
Chiroptera,Phyllostomidae,Sturnira lilium,FCIE:MZFC-M:1578,18.53694,-88.60139
Chiroptera,Phyllostomidae,Desmodus rotundus,FCIE:MZFC-M:1293,21.05,-99.81611
Chiroptera,Phyllostomidae,Artibeus toltecus,FCIE:MZFC-M:1439,17.34194,-100.25222
Chiroptera,Vespertilionidae,Lasiurus intermedius,FCIE:MZFC-M:6262,24.31667,-99.06667
Chiroptera,Phyllostomidae,Desmodus rotundus,FCIE:MZFC-M:1317,21.20167,-99.54306
Chiroptera,Molossidae,Tadarida brasiliensis,FCIE:MZFC-M:4560,21.20167,-99.57417
Chiroptera,Molossidae,Tadarida brasiliensis,FCIE:MZFC-M:1852,21.21694,-99.58111
Chiroptera,Molossidae,Tadarida brasiliensis,FCIE:MZFC-M:1889,18.13889,-97.07556
Chiroptera,Phyllostomidae,Sturnira lilium,FCIE:MZFC-M:7515,22.12583,-99.42778
Chiroptera,Phyllostomidae,Artibeus lituratus,FCIE:MZFC-M:5966,21.05111,-99.83861
Chiroptera,Vespertilionidae,Lasiurus cinereus,FCIE:MZFC-M:5601,18.96972,-99.33917
Chiroptera,Molossidae,Tadarida brasiliensis,FCIE:MZFC-M:7953,24.61917,-101.13389
Chiroptera,Phyllostomidae,Leptonycteris yerbabuenae,FCIE:MZFC-M:0870,21.05,-99.81611
Chiroptera,Phyllostomidae,Artibeus lituratus,FCIE:MZFC-M:1256,21.27983,-99.5
Chiroptera,Vespertilionidae,Eptesicus fuscus,FCIE:MZFC-M:5592,18.97528,-99.34028
Chiroptera,Phyllostomidae,Sturnira ludovici,FCIE:MZFC-M:4870,17.44361,-96.5
Chiroptera,Vespertilionidae,Myotis velifer,FCIE:MZFC-M:0622,21.19881,-99.60547
Chiroptera,Phyllostomidae,Carollia perspicillata,FCIE:MZFC-M:6393,NA,NA
Chiroptera,Phyllostomidae,Glossophaga morenoi,FCIE:MZFC-M:6413,17.65083,-96.35722
Chiroptera,Phyllostomidae,Desmodus rotundus,FCIE:MZFC-M:3664,18.52556,-88.58694
Chiroptera,Phyllostomidae,Anoura geoffroyi,FCIE:MZFC-M:7910,17.09472,-94.11944
Chiroptera,Emballonuridae,Peropteryx kappleri,FCIE:MZFC-M:6332,NA,NA
Chiroptera,Phyllostomidae,Sturnira ludovici,FCIE:MZFC-M:6476,15.67167,-92.82
Chiroptera,Phyllostomidae,Sturnira lilium,FCIE:MZFC-M:10167,18.22639,-102.50333
Chiroptera,Emballonuridae,Balantiopteryx io,FCIE:MZFC-M:6966,16.8915,-90.95672
Chiroptera,Phyllostomidae,Sturnira ludovici,FCIE:MZFC-M:5539,18.96972,-99.33917
Chiroptera,Phyllostomidae,Sturnira lilium,FCIE:MZFC-M:1588,17.41417,-100.20861
Chiroptera,Emballonuridae,Saccopteryx bilineata,FCIE:MZFC-M:6875,16.89822,-90.96458
Chiroptera,Phyllostomidae,Desmodus rotundus,FCIE:MZFC-M:1310,21.06667,-99.68333
Chiroptera,Phyllostomidae,Leptonycteris yerbabuenae,FCIE:MZFC-M:3635,20.48333,-99.93333
Chiroptera,Phyllostomidae,Artibeus jamaicensis,FCIE:MZFC-M:7243,20.60714,-99.60867
Chiroptera,Vespertilionidae,Lasiurus cinereus,FCIE:MZFC-M:3656,20.86667,-99.53333
Chiroptera,Phyllostomidae,Artibeus toltecus,FCIE:MZFC-M:6541,16.86667,-93.45333
Chiroptera,Molossidae,Molossus rufus,FCIE:MZFC-M:0802,21.27983,-99.5
Chiroptera,Phyllostomidae,Artibeus lituratus,FCIE:MZFC-M:1260,21.27983,-99.5
Chiroptera,Phyllostomidae,Sturnira lilium,FCIE:MZFC-M:6469,20.39111,-98.22333
Chiroptera,Vespertilionidae,Eptesicus fuscus,FCIE:MZFC-M:5695,18.96972,-99.33917
Chiroptera,Vespertilionidae,Idionycteris phyllotis,FCIE:MZFC-M:9425,20.93222,-100.17944
Chiroptera,Phyllostomidae,Sturnira lilium,FCIE:MZFC-M:1603,17.34194,-100.25222
Chiroptera,Phyllostomidae,Artibeus aztecus,FCIE:MZFC-M:6519,20.40833,-98.20139
Chiroptera,Phyllostomidae,Sturnira ludovici,FCIE:MZFC-M:0331,NA,NA
Chiroptera,Vespertilionidae,Eptesicus fuscus,FCIE:MZFC-M:5917,18.96972,-99.33917
Chiroptera,Phyllostomidae,Sturnira ludovici,FCIE:MZFC-M:1723,17.48444,-100.18444
Chiroptera,Phyllostomidae,Artibeus aztecus,FCIE:MZFC-M:6533,NA,NA
Chiroptera,Phyllostomidae,Artibeus lituratus,FCIE:MZFC-M:6594,17.07694,-94.59917
Chiroptera,Phyllostomidae,Desmodus rotundus,FCIE:MZFC-M:1314,21.0948,-99.69807
Chiroptera,Mormoopidae,Mormoops megalophylla,FCIE:MZFC-M:7920,25.44778,-100.09694
Chiroptera,Phyllostomidae,Artibeus phaeotis,FCIE:MZFC-M:4803,17.89722,-96.13083
Chiroptera,Phyllostomidae,Artibeus toltecus,FCIE:MZFC-M:0902,21.20167,-99.57417
Chiroptera,Molossidae,Tadarida brasiliensis,FCIE:MZFC-M:4561,21.20167,-99.57417
Chiroptera,Phyllostomidae,Artibeus toltecus,FCIE:MZFC-M:4887,17.63917,-96.37556
Chiroptera,Phyllostomidae,Sturnira ludovici,FCIE:MZFC-M:6506,17.52167,-97.78333
Chiroptera,Phyllostomidae,Sturnira ludovici,FCIE:MZFC-M:4940,17.53778,-99.68556
Chiroptera,Phyllostomidae,Sturnira ludovici,FCIE:MZFC-M:3754,18.22472,-97.04278
Chiroptera,Molossidae,Nyctinomops macrotis,FCIE:MZFC-M:6445,24.31667,-99.06667
Chiroptera,Phyllostomidae,Sturnira lilium,FCIE:MZFC-M:0708,18.73972,-99.43389
Chiroptera,Phyllostomidae,Leptonycteris yerbabuenae,FCIE:MZFC-M:0868,21.05,-99.81611
Chiroptera,Phyllostomidae,Sturnira ludovici,FCIE:MZFC-M:4294,15.67167,-92.82
Chiroptera,Phyllostomidae,Carollia brevicauda,FCIE:MZFC-M:4792,17.89722,-96.13083
Chiroptera,Phyllostomidae,Sturnira lilium,FCIE:MZFC-M:1582,18.3425,-88.56861
Chiroptera,Phyllostomidae,Sturnira ludovici,FCIE:MZFC-M:1698,17.48444,-100.18444
Chiroptera,Phyllostomidae,Artibeus aztecus,FCIE:MZFC-M:9427,21.16528,-99.54722
Chiroptera,Vespertilionidae,Lasiurus cinereus,FCIE:MZFC-M:0793,21.1,-99.73333
Chiroptera,Phyllostomidae,Leptonycteris yerbabuenae,FCIE:MZFC-M:0882,21.05,-99.81611
Chiroptera,Emballonuridae,Balantiopteryx plicata,FCIE:MZFC-M:5052,15.80583,-96.01917
Chiroptera,Phyllostomidae,Artibeus lituratus,FCIE:MZFC-M:1248,21.27983,-99.5
Chiroptera,Phyllostomidae,Artibeus aztecus,FCIE:MZFC-M:5555,18.96972,-99.33917
Chiroptera,Phyllostomidae,Artibeus toltecus,FCIE:MZFC-M:4253,18.50639,-99.79556
Chiroptera,Phyllostomidae,Micronycteris microtis,FCIE:MZFC-M:5164,NA,NA
Chiroptera,Phyllostomidae,Sturnira lilium,FCIE:MZFC-M:1580,18.34833,-88.61917
Chiroptera,Phyllostomidae,Artibeus jamaicensis,FCIE:MZFC-M:0197,19.60056,-96.385
Chiroptera,Phyllostomidae,Uroderma bilobatum,FCIE:MZFC-M:6317,15.09139,-92.78472
Chiroptera,Phyllostomidae,Sturnira ludovici,FCIE:MZFC-M:1715,17.48444,-100.18444
Chiroptera,Phyllostomidae,Sturnira lilium,FCIE:MZFC-M:4882,17.75889,-96.31889
Chiroptera,Phyllostomidae,Artibeus jamaicensis,FCIE:MZFC-M:3411,NA,NA
Chiroptera,Phyllostomidae,Platyrrhinus helleri,FCIE:MZFC-M:7019,16.89822,-90.96458
Chiroptera,Vespertilionidae,Eptesicus fuscus,FCIE:MZFC-M:4065,17.34194,-100.25222
Chiroptera,Phyllostomidae,Artibeus lituratus,FCIE:MZFC-M:5826,20.53167,-98.97333
Chiroptera,Phyllostomidae,Sturnira ludovici,FCIE:MZFC-M:1713,17.48444,-100.18444
Chiroptera,Phyllostomidae,Leptonycteris nivalis,FCIE:MZFC-M:9456,18.99583,-99.06028
Chiroptera,Phyllostomidae,Artibeus jamaicensis,FCIE:MZFC-M:9233,21.46167,-99.45139
Chiroptera,Mormoopidae,Mormoops megalophylla,FCIE:MZFC-M:5573,18.96972,-99.33917
Chiroptera,Phyllostomidae,Artibeus lituratus,FCIE:MZFC-M:5965,21.27983,-99.5
Chiroptera,Phyllostomidae,Sturnira ludovici,FCIE:MZFC-M:1762,17.48444,-100.18444
Chiroptera,Phyllostomidae,Sturnira lilium,FCIE:MZFC-M:6641,17.94056,-88.88222
Chiroptera,Phyllostomidae,Glossophaga soricina,FCIE:MZFC-M:5051,18.63333,-99.51667
Chiroptera,Phyllostomidae,Sturnira lilium,FCIE:MZFC-M:0754,21.20167,-99.54306
Chiroptera,Phyllostomidae,Artibeus aztecus,FCIE:MZFC-M:4303,18.47222,-102.52028
Chiroptera,Vespertilionidae,Myotis keaysi,FCIE:MZFC-M:4845,17.63917,-96.37556
Chiroptera,Phyllostomidae,Desmodus rotundus,FCIE:MZFC-M:3644,20.75944,-99.92194
Chiroptera,Phyllostomidae,Sturnira ludovici,FCIE:MZFC-M:1639,17.43694,-100.19694
Chiroptera,Phyllostomidae,Artibeus jamaicensis,FCIE:MZFC-M:1144,21.15583,-99.12694
Chiroptera,Molossidae,Molossus sinaloae,FCIE:MZFC-M:9486,19.08,-101.91278
Chiroptera,Phyllostomidae,Artibeus jamaicensis,FCIE:MZFC-M:0366,16.77833,-98.68722
Chiroptera,Molossidae,Tadarida brasiliensis,FCIE:MZFC-M:3652,20.51583,-99.90722
Chiroptera,Vespertilionidae,Myotis velifer,FCIE:MZFC-M:4156,18.64861,-99.78694
Chiroptera,Molossidae,Tadarida brasiliensis,FCIE:MZFC-M:7964,25.44778,-100.09694
Chiroptera,Phyllostomidae,Artibeus lituratus,FCIE:MZFC-M:3605,18.55333,-88.55444
Chiroptera,Molossidae,Tadarida brasiliensis,FCIE:MZFC-M:1881,21.27983,-99.5
Chiroptera,Vespertilionidae,Myotis keaysi,FCIE:MZFC-M:1348,17.55861,-99.705
Chiroptera,Phyllostomidae,Hylonycteris underwoodi,FCIE:MZFC-M:1008,17.53778,-99.68556
Chiroptera,Phyllostomidae,Artibeus toltecus,FCIE:MZFC-M:1463,17.42,-100.20361
Chiroptera,Phyllostomidae,Sturnira lilium,FCIE:MZFC-M:1184,21.19917,-99.56889
Chiroptera,Emballonuridae,Balantiopteryx io,FCIE:MZFC-M:6951,16.90097,-90.96939
Chiroptera,Phyllostomidae,Sturnira ludovici,FCIE:MZFC-M:1675,17.48444,-100.18444
Chiroptera,Phyllostomidae,Sturnira ludovici,FCIE:MZFC-M:10001,17.61944,-99.83806
Chiroptera,Phyllostomidae,Artibeus aztecus,FCIE:MZFC-M:5565,18.96972,-99.33917
Chiroptera,Vespertilionidae,Myotis thysanodes,FCIE:MZFC-M:1353,17.48444,-100.16417
Chiroptera,Molossidae,Tadarida brasiliensis,FCIE:MZFC-M:5651,17.56611,-99.68556
Chiroptera,Mormoopidae,Pteronotus parnellii,FCIE:MZFC-M:0939,17.925,-88.85778
Chiroptera,Phyllostomidae,Artibeus toltecus,FCIE:MZFC-M:4896,17.63917,-96.37556
Chiroptera,Vespertilionidae,Eptesicus fuscus,FCIE:MZFC-M:5920,18.97528,-99.34028
Chiroptera,Phyllostomidae,Sturnira lilium,FCIE:MZFC-M:5665,21.475,-105.00583
Chiroptera,Phyllostomidae,Carollia brevicauda,FCIE:MZFC-M:6402,NA,NA
Chiroptera,Phyllostomidae,Dermanura aztecus,FCIE:MZFC-M:4286,15.67167,-92.82
Chiroptera,Emballonuridae,Saccopteryx bilineata,FCIE:MZFC-M:6835,16.89822,-90.96458
Chiroptera,Phyllostomidae,Desmodus rotundus,FCIE:MZFC-M:1541,17.25833,-100.32667
Chiroptera,Phyllostomidae,Artibeus jamaicensis,FCIE:MZFC-M:1390,18.20167,-89.02167
Chiroptera,Molossidae,Tadarida brasiliensis,FCIE:MZFC-M:4487,18.13889,-97.07556
Chiroptera,Phyllostomidae,Vampyrodes caraccioli,FCIE:MZFC-M:7790,17.10361,-94.1225
Chiroptera,Mormoopidae,Pteronotus parnellii,FCIE:MZFC-M:5850,20.65556,-98.98417
Chiroptera,Emballonuridae,Balantiopteryx plicata,FCIE:MZFC-M:3507,17.80056,-96.955
Chiroptera,Mormoopidae,Mormoops megalophylla,FCIE:MZFC-M:5845,20.65556,-98.98417
Chiroptera,Phyllostomidae,Sturnira lilium,FCIE:MZFC-M:1561,17.34194,-100.25222
Chiroptera,Phyllostomidae,Artibeus aztecus,FCIE:MZFC-M:4212,NA,NA
Chiroptera,Phyllostomidae,Platyrrhinus helleri,FCIE:MZFC-M:0163,15.96556,-93.8
Chiroptera,Vespertilionidae,Lasiurus cinereus,FCIE:MZFC-M:1482,17.56806,-99.69278
Chiroptera,Phyllostomidae,Sturnira ludovici,FCIE:MZFC-M:6514,17.54667,-96.84667
Chiroptera,Phyllostomidae,Macrotus waterhousii,FCIE:MZFC-M:9490,19.15278,-101.88333
Chiroptera,Phyllostomidae,Carollia brevicauda,FCIE:MZFC-M:4782,17.65083,-96.35722
Chiroptera,Phyllostomidae,Artibeus aztecus,FCIE:MZFC-M:9191,21.16528,-99.54722
Chiroptera,Molossidae,Tadarida brasiliensis,FCIE:MZFC-M:7940,24.61917,-101.13389
Chiroptera,Phyllostomidae,Leptonycteris yerbabuenae,FCIE:MZFC-M:0884,21.05,-99.81611
Chiroptera,Phyllostomidae,Micronycteris microtis,FCIE:MZFC-M:0946,17.25833,-100.32667
Chiroptera,Phyllostomidae,Sturnira lilium,FCIE:MZFC-M:4595,17.25833,-100.32667
Chiroptera,Mormoopidae,Pteronotus parnellii,FCIE:MZFC-M:5859,20.65556,-98.98417
Chiroptera,Phyllostomidae,Artibeus toltecus,FCIE:MZFC-M:4613,17.42,-100.20361
Chiroptera,Phyllostomidae,Anoura geoffroyi,FCIE:MZFC-M:7547,22.12583,-99.42778
Chiroptera,Phyllostomidae,Sturnira ludovici,FCIE:MZFC-M:1690,17.48444,-100.18444
Chiroptera,Molossidae,Tadarida brasiliensis,FCIE:MZFC-M:7943,24.61917,-101.13389
Chiroptera,Phyllostomidae,Artibeus toltecus,FCIE:MZFC-M:4897,17.63917,-96.37556
Chiroptera,Mormoopidae,Pteronotus parnellii,FCIE:MZFC-M:0940,18.33889,-88.58694
Chiroptera,Phyllostomidae,Sturnira lilium,FCIE:MZFC-M:3708,21.27983,-99.5
Chiroptera,Molossidae,Tadarida brasiliensis,FCIE:MZFC-M:7956,24.61917,-101.13389
Chiroptera,Phyllostomidae,Carollia brevicauda,FCIE:MZFC-M:6993,16.89822,-90.96458
Chiroptera,Phyllostomidae,Sturnira lilium,FCIE:MZFC-M:6451,17.95222,-88.88222
Chiroptera,Phyllostomidae,Dermanura phaeotis,FCIE:MZFC-M:7110,16.89822,-90.96458
Chiroptera,Phyllostomidae,Artibeus jamaicensis,FCIE:MZFC-M:3406,18.07222,-97.10972
Chiroptera,Vespertilionidae,Myotis californicus,FCIE:MZFC-M:0621,21.1,-99.73333
Chiroptera,Vespertilionidae,Antrozous pallidus,FCIE:MZFC-M:0629,21.03333,-99.74056
Chiroptera,Molossidae,Tadarida brasiliensis,FCIE:MZFC-M:4942,17.56806,-99.69278
Chiroptera,Phyllostomidae,Leptonycteris yerbabuenae,FCIE:MZFC-M:0879,21.05,-99.81611
Chiroptera,Phyllostomidae,Carollia brevicauda,FCIE:MZFC-M:7045,16.90097,-90.96939
Chiroptera,Mormoopidae,Pteronotus personatus,FCIE:MZFC-M:6235,NA,NA
Chiroptera,Phyllostomidae,Artibeus phaeotis,FCIE:MZFC-M:1525,18.53694,-88.60139
Chiroptera,Vespertilionidae,Lasiurus cinereus,FCIE:MZFC-M:5835,20.37611,-98.38417
Chiroptera,Vespertilionidae,Antrozous pallidus,FCIE:MZFC-M:3611,20.48333,-99.93333
Chiroptera,Phyllostomidae,Sturnira ludovici,FCIE:MZFC-M:4859,17.65083,-96.35722
Chiroptera,Phyllostomidae,Artibeus jamaicensis,FCIE:MZFC-M:1145,21.15583,-99.12694
Chiroptera,Phyllostomidae,Sturnira ludovici,FCIE:MZFC-M:1134,21.27983,-99.5
Chiroptera,Vespertilionidae,Corynorhinus townsendii,FCIE:MZFC-M:6436,20.16139,-98.95139
Chiroptera,Molossidae,Tadarida brasiliensis,FCIE:MZFC-M:7975,25.44778,-100.09694
Chiroptera,Molossidae,Tadarida brasiliensis,FCIE:MZFC-M:4963,21.19917,-99.56889
Chiroptera,Vespertilionidae,Corynorhinus mexicanus,FCIE:MZFC-M:0628,21.11778,-99.62306
Chiroptera,Molossidae,Tadarida brasiliensis,FCIE:MZFC-M:7962,25.44778,-100.09694
Chiroptera,Phyllostomidae,Sturnira ludovici,FCIE:MZFC-M:10015,15.10611,-92.10331
Chiroptera,Phyllostomidae,Sturnira ludovici,FCIE:MZFC-M:1707,17.48444,-100.18444
Chiroptera,Phyllostomidae,Leptonycteris yerbabuenae,FCIE:MZFC-M:8882,21.46167,-99.45139
Chiroptera,Vespertilionidae,Eptesicus fuscus,FCIE:MZFC-M:4077,17.42,-100.20361
Chiroptera,Molossidae,Nyctinomops macrotis,FCIE:MZFC-M:4109,18.50639,-99.79556
Chiroptera,Phyllostomidae,Sturnira lilium,FCIE:MZFC-M:5679,NA,NA
Chiroptera,Phyllostomidae,Carollia brevicauda,FCIE:MZFC-M:7099,16.90097,-90.96939
Chiroptera,Phyllostomidae,Artibeus jamaicensis,FCIE:MZFC-M:7126,16.90097,-90.96939
Chiroptera,Phyllostomidae,Sturnira ludovici,FCIE:MZFC-M:5811,20.65556,-98.98417
Chiroptera,Vespertilionidae,Lasiurus blossevillii,FCIE:MZFC-M:4648,18.50639,-99.79556
Chiroptera,Phyllostomidae,Sturnira lilium,FCIE:MZFC-M:1549,17.25833,-100.32667
Chiroptera,Phyllostomidae,Sturnira ludovici,FCIE:MZFC-M:0332,NA,NA
Chiroptera,Phyllostomidae,Artibeus lituratus,FCIE:MZFC-M:6419,20.86103,-99.78712
Chiroptera,Mormoopidae,Pteronotus personatus,FCIE:MZFC-M:6243,NA,NA
Chiroptera,Phyllostomidae,Artibeus aztecus,FCIE:MZFC-M:1059,21.27983,-99.5
Chiroptera,Phyllostomidae,Artibeus toltecus,FCIE:MZFC-M:1464,17.48444,-100.18444
Chiroptera,Emballonuridae,Balantiopteryx io,FCIE:MZFC-M:4913,17.89722,-96.13083
Chiroptera,Phyllostomidae,Artibeus phaeotis,FCIE:MZFC-M:4804,17.89722,-96.13083
Chiroptera,Vespertilionidae,Antrozous pallidus,FCIE:MZFC-M:6364,23.36667,-109.77667
Chiroptera,Vespertilionidae,Myotis velifer,FCIE:MZFC-M:8058,17.23278,-96.44972
Chiroptera,Vespertilionidae,Myotis californicus,FCIE:MZFC-M:10180,18.19194,-102.54139
Chiroptera,Phyllostomidae,Sturnira ludovici,FCIE:MZFC-M:4728,17.44361,-96.5
Chiroptera,Phyllostomidae,Carollia brevicauda,FCIE:MZFC-M:6927,16.89822,-90.96458
Chiroptera,Molossidae,Tadarida brasiliensis,FCIE:MZFC-M:7995,25.44778,-100.09694
Chiroptera,Molossidae,Tadarida brasiliensis,FCIE:MZFC-M:1828,21.20167,-99.57417
Chiroptera,Phyllostomidae,Artibeus toltecus,FCIE:MZFC-M:1435,17.48444,-100.18444
Chiroptera,Vespertilionidae,Myotis californicus,FCIE:MZFC-M:1350,17.48444,-100.16417
Chiroptera,Phyllostomidae,Artibeus toltecus,FCIE:MZFC-M:10569,18.19167,-100.16222
Chiroptera,Molossidae,Tadarida brasiliensis,FCIE:MZFC-M:1780,21.19389,-99.54306
Chiroptera,Phyllostomidae,Carollia subrufa,FCIE:MZFC-M:6910,16.898,-90.97364
Chiroptera,Vespertilionidae,Lasiurus cinereus,FCIE:MZFC-M:0791,21.27983,-99.5
Chiroptera,Phyllostomidae,Sturnira ludovici,FCIE:MZFC-M:4928,17.42,-100.20361
Chiroptera,Phyllostomidae,Sturnira ludovici,FCIE:MZFC-M:1634,17.48444,-100.18444
Chiroptera,Phyllostomidae,Sturnira lilium,FCIE:MZFC-M:4384,NA,NA
Chiroptera,Molossidae,Tadarida brasiliensis,FCIE:MZFC-M:1863,21.135,-99.66833
Chiroptera,Phyllostomidae,Sturnira lilium,FCIE:MZFC-M:4705,17.75889,-96.31889
Chiroptera,Phyllostomidae,Anoura geoffroyi,FCIE:MZFC-M:4569,19.01861,-99.09917
Chiroptera,Vespertilionidae,Myotis velifer,FCIE:MZFC-M:5027,18.81417,-99.13667
Chiroptera,Phyllostomidae,Artibeus lituratus,FCIE:MZFC-M:6687,17.94056,-88.88222
Chiroptera,Phyllostomidae,Sturnira ludovici,FCIE:MZFC-M:4767,17.63917,-96.37556
Chiroptera,Phyllostomidae,Sturnira lilium,FCIE:MZFC-M:0747,21.20167,-99.54306
Chiroptera,Phyllostomidae,Anoura geoffroyi,FCIE:MZFC-M:4576,19.01861,-99.09917
Chiroptera,Phyllostomidae,Leptonycteris nivalis,FCIE:MZFC-M:9452,18.99583,-99.06028
Chiroptera,Phyllostomidae,Artibeus toltecus,FCIE:MZFC-M:4619,17.42,-100.20361
Chiroptera,Vespertilionidae,Lasiurus blossevillii,FCIE:MZFC-M:5909,18.97528,-99.34028
Chiroptera,Vespertilionidae,Myotis californicus,FCIE:MZFC-M:5511,18.96972,-99.33917
Chiroptera,Phyllostomidae,Artibeus toltecus,FCIE:MZFC-M:1447,17.25833,-100.32667
Chiroptera,Molossidae,Tadarida brasiliensis,FCIE:MZFC-M:7971,25.44778,-100.09694
Chiroptera,Phyllostomidae,Centurio senex,FCIE:MZFC-M:6607,17.07694,-94.59917
Chiroptera,Emballonuridae,Rhynchonycteris naso,FCIE:MZFC-M:6439,17.97139,-96.16139
Chiroptera,Phyllostomidae,Sturnira lilium,FCIE:MZFC-M:0194,19.60056,-96.385
Chiroptera,Phyllostomidae,Artibeus lituratus,FCIE:MZFC-M:7556,22.12583,-99.42778
Chiroptera,Phyllostomidae,Hylonycteris underwoodi,FCIE:MZFC-M:5676,21.475,-105.00583
Chiroptera,Phyllostomidae,Artibeus jamaicensis,FCIE:MZFC-M:9499,19.16389,-101.87
Chiroptera,Phyllostomidae,Artibeus aztecus,FCIE:MZFC-M:1063,21.12917,-99.65389
Chiroptera,Molossidae,Tadarida brasiliensis,FCIE:MZFC-M:7936,24.61917,-101.13389
Chiroptera,Vespertilionidae,Lasiurus blossevillii,FCIE:MZFC-M:0785,21.1,-99.73333
Chiroptera,Phyllostomidae,Sturnira ludovici,FCIE:MZFC-M:10034,20.32927,-98.23833
Chiroptera,Vespertilionidae,Antrozous pallidus,FCIE:MZFC-M:3614,20.48333,-99.93333
Chiroptera,Molossidae,Tadarida brasiliensis,FCIE:MZFC-M:1865,21.19389,-99.54306
Chiroptera,Phyllostomidae,Artibeus toltecus,FCIE:MZFC-M:1467,17.41417,-100.20861
Chiroptera,Phyllostomidae,Sturnira lilium,FCIE:MZFC-M:6487,17.59028,-97.00167
Chiroptera,Phyllostomidae,Artibeus aztecus,FCIE:MZFC-M:7615,21.18389,-98.88833
Chiroptera,Phyllostomidae,Glossophaga soricina,FCIE:MZFC-M:9244,21.67611,-99.298330000000007
Chiroptera,Phyllostomidae,Anoura geoffroyi,FCIE:MZFC-M:9479,17.61944,-99.83806
Chiroptera,Phyllostomidae,Sturnira ludovici,FCIE:MZFC-M:5532,18.96972,-99.33917
Chiroptera,Phyllostomidae,Leptonycteris nivalis,FCIE:MZFC-M:7987,18.99583,-99.06028
Chiroptera,Mormoopidae,Pteronotus parnellii,FCIE:MZFC-M:6198,18.44667,-89.10167
Chiroptera,Vespertilionidae,Lasiurus blossevillii,FCIE:MZFC-M:5494,18.96972,-99.33917
Chiroptera,Phyllostomidae,Sturnira ludovici,FCIE:MZFC-M:4777,17.605,-96.47722
Chiroptera,Vespertilionidae,Myotis keaysi,FCIE:MZFC-M:4846,17.63917,-96.37556
Chiroptera,Vespertilionidae,Lasiurus cinereus,FCIE:MZFC-M:0795,21.1,-99.73333
Chiroptera,Phyllostomidae,Macrotus waterhousii,FCIE:MZFC-M:0242,17.77722,-99.58556
Chiroptera,Molossidae,Tadarida brasiliensis,FCIE:MZFC-M:1804,21.19389,-99.54306
Chiroptera,Mormoopidae,Pteronotus personatus,FCIE:MZFC-M:6234,NA,NA
Chiroptera,Mormoopidae,Pteronotus personatus,FCIE:MZFC-M:7859,NA,NA
Chiroptera,Phyllostomidae,Sturnira lilium,FCIE:MZFC-M:6558,17.07694,-94.59917
Chiroptera,Phyllostomidae,Artibeus jamaicensis,FCIE:MZFC-M:0375,16.71278,-98.675
Chiroptera,Vespertilionidae,Eptesicus fuscus,FCIE:MZFC-M:0978,21.1,-99.73333
Chiroptera,Phyllostomidae,Sturnira ludovici,FCIE:MZFC-M:1625,17.42,-100.20361
Chiroptera,Phyllostomidae,Dermanura phaeotis,FCIE:MZFC-M:1079,18.90472,-102.79639
Chiroptera,Phyllostomidae,Carollia perspicillata,FCIE:MZFC-M:9858,17.09472,-94.11944
Chiroptera,Phyllostomidae,Artibeus jamaicensis,FCIE:MZFC-M:9746,20.34389,-87.36139
Chiroptera,Phyllostomidae,Sturnira ludovici,FCIE:MZFC-M:9718,20.01403,-97.50641
Chiroptera,Mormoopidae,Pteronotus parnellii,FCIE:MZFC-M:4959,19.01861,-99.09917
Chiroptera,Phyllostomidae,Artibeus aztecus,FCIE:MZFC-M:5956,21.40556,-99.59806
Chiroptera,Emballonuridae,Rhynchonycteris naso,FCIE:MZFC-M:6989,16.90097,-90.96939
